<?xml version="1.0" encoding="UTF-8"?>
<!DOCTYPE hibernate-configuration SYSTEM
    "http://www.hibernate.org/dtd/hibernate-configuration-3.0.dtd">

<hibernate-configuration>
    <session-factory>

        <!-- Database connection settings -->
        <property name="hibernate.connection.driver_class">com.mysql.cj.jdbc.Driver</property>
        <property name="hibernate.connection.url">jdbc:mysql://localhost:3306/map?useSSL=false&amp;allowPublicKeyRetrieval=true</property>
        <property name="hibernate.connection.username">root</property>
        <property name="hibernate.connection.password">Bavya@241203</property>

        <!-- JDBC connection pool (use the built-in) -->
        <property name="hibernate.connection.pool_size">5</property>

        <!-- SQL dialect -->
        <property name="hibernate.dialect">org.hibernate.dialect.MySQL8Dialect</property>

        <!-- Echo all executed SQL to stdout -->
        <property name="show_sql">true</property>

        <!-- Automatically creates or updates tables -->
        <property name="hbm2ddl.auto">update</property>

        <!-- Mapped entity classes (package is Entity, not com.mavenproject...) -->
        <mapping class="Entity.Address"/>
        <mapping class="Entity.Student"/>
         <mapping class="Entity.Employee"/>
        <mapping class="Entity.Department"/>

    </session-factory>
</hibernate-configuration>
